
INSERT INTO public.bn_country (country_code, country_name, currency_code, currency_symbol, fiscal_year_start_month, contribution_ceiling_weekly, contribution_ceiling_annual, default_retirement_age, parameters, entered_by) VALUES ('SKN', 'St. Kitts and Nevis', 'XCD', 'EC$', 4, 2307.69, 120000.00, 62, '{"contribution_rate_employee":5,"contribution_rate_employer":5,"min_pensionable_age":62,"max_pensionable_age":67,"voluntary_contribution_rate":10,"insurable_earnings_floor_weekly":36.00,"legislation":"Social Security Act Cap 25.09","amendment_year":2024}'::jsonb, 'SYSTEM') ON CONFLICT (country_code) DO NOTHING;

INSERT INTO public.bn_scheme (id, scheme_code, scheme_name, description, country_code, governing_legislation, status, sort_order, entered_by) VALUES ('a1b2c3d4-e5f6-4a7b-8c9d-0e1f2a3b4c5d', 'NIS-SKN', 'National Insurance Scheme', 'St. Kitts and Nevis NIS', 'SKN', 'Social Security Act Cap 25.09', 'ACTIVE', 1, 'SYSTEM') ON CONFLICT (country_code, scheme_code) DO NOTHING;

INSERT INTO public.bn_branch (id, scheme_id, branch_code, branch_name, description, sort_order, entered_by) VALUES
  ('b1a00001-1111-4000-a000-000000000001', 'a1b2c3d4-e5f6-4a7b-8c9d-0e1f2a3b4c5d', 'STB', 'Short-Term Benefits', 'Sickness and Maternity', 1, 'SYSTEM'),
  ('b1a00001-1111-4000-a000-000000000002', 'a1b2c3d4-e5f6-4a7b-8c9d-0e1f2a3b4c5d', 'EIB', 'Employment Injury Benefits', 'Injury, disablement, medical, death', 2, 'SYSTEM'),
  ('b1a00001-1111-4000-a000-000000000003', 'a1b2c3d4-e5f6-4a7b-8c9d-0e1f2a3b4c5d', 'LTB', 'Long-Term Benefits', 'Age, Invalidity, Survivors', 3, 'SYSTEM'),
  ('b1a00001-1111-4000-a000-000000000004', 'a1b2c3d4-e5f6-4a7b-8c9d-0e1f2a3b4c5d', 'NCP', 'Non-Contributory Pensions', 'Assistance pensions', 4, 'SYSTEM'),
  ('b1a00001-1111-4000-a000-000000000005', 'a1b2c3d4-e5f6-4a7b-8c9d-0e1f2a3b4c5d', 'SVC', 'Service Processes', 'Admin service cases', 5, 'SYSTEM')
ON CONFLICT (scheme_id, branch_code) DO NOTHING;

INSERT INTO public.bn_rule_group (id, group_code, group_name, description, country_code, sort_order, entered_by) VALUES
  ('c2b00001-2222-4000-b000-000000000001', 'CONTRIB-STB', 'Short-Term Contribution', 'Short-term contribution rules', 'SKN', 1, 'SYSTEM'),
  ('c2b00001-2222-4000-b000-000000000002', 'CONTRIB-LTB', 'Long-Term Contribution', 'Long-term contribution rules', 'SKN', 2, 'SYSTEM'),
  ('c2b00001-2222-4000-b000-000000000003', 'CONTRIB-EI', 'Employment Injury', 'EI contribution rules', 'SKN', 3, 'SYSTEM'),
  ('c2b00001-2222-4000-b000-000000000004', 'AGE-RULES', 'Age Requirements', 'Age eligibility rules', 'SKN', 4, 'SYSTEM'),
  ('c2b00001-2222-4000-b000-000000000005', 'MEDICAL', 'Medical Rules', 'Medical cert requirements', 'SKN', 5, 'SYSTEM'),
  ('c2b00001-2222-4000-b000-000000000006', 'MEANS-TEST', 'Means Test', 'Income/means test rules', 'SKN', 6, 'SYSTEM')
ON CONFLICT (group_code) DO NOTHING;

INSERT INTO public.bn_formula_template (id, template_code, template_name, formula_expression, input_variables, output_type, country_code, entered_by) VALUES
  ('d3c00001-3333-4000-c000-000000000001', 'PCT-AVG-WAGE', 'Percentage of Average Wage', 'avg_weekly_wage * rate / 100', '["avg_weekly_wage","rate"]'::jsonb, 'CURRENCY', 'SKN', 'SYSTEM'),
  ('d3c00001-3333-4000-c000-000000000002', 'TIERED-PENSION', 'Tiered Pension Formula', '(avg_weekly_wage * base_rate / 100) + (avg_weekly_wage * increment_rate / 100 * extra_years)', '["avg_weekly_wage","base_rate","increment_rate","extra_years"]'::jsonb, 'CURRENCY', 'SKN', 'SYSTEM'),
  ('d3c00001-3333-4000-c000-000000000003', 'FLAT-GRANT', 'Flat Grant Amount', 'flat_amount', '["flat_amount"]'::jsonb, 'CURRENCY', 'SKN', 'SYSTEM'),
  ('d3c00001-3333-4000-c000-000000000004', 'SURVIVOR-SPLIT', 'Survivor Split', 'base_pension * share_pct / 100', '["base_pension","share_pct"]'::jsonb, 'CURRENCY', 'SKN', 'SYSTEM'),
  ('d3c00001-3333-4000-c000-000000000005', 'NCP-FLAT-RATE', 'NCP Flat Rate', 'flat_weekly_rate', '["flat_weekly_rate"]'::jsonb, 'CURRENCY', 'SKN', 'SYSTEM'),
  ('d3c00001-3333-4000-c000-000000000006', 'EI-DISABLEMENT', 'Disablement Pension', 'avg_weekly_wage * rate / 100 * degree / 100', '["avg_weekly_wage","rate","degree"]'::jsonb, 'CURRENCY', 'SKN', 'SYSTEM'),
  ('d3c00001-3333-4000-c000-000000000007', 'MATERNITY-RATE', 'Maternity Benefit Rate', 'avg_weekly_wage * 65 / 100', '["avg_weekly_wage"]'::jsonb, 'CURRENCY', 'SKN', 'SYSTEM'),
  ('d3c00001-3333-4000-c000-000000000008', 'FUNERAL-GRANT', 'Funeral Grant Fixed', 'grant_amount', '["grant_amount"]'::jsonb, 'CURRENCY', 'SKN', 'SYSTEM')
ON CONFLICT (template_code) DO NOTHING;

INSERT INTO public.bn_workflow_template (id, template_code, template_name, steps_config, sla_config, country_code, entered_by) VALUES
  ('e4d00001-4444-4000-d000-000000000001', 'WF-STB', 'Short-Term Benefit Workflow', '[{"step":"INTAKE","role":"CLERK","sla_days":2},{"step":"ELIGIBILITY","role":"OFFICER","sla_days":3},{"step":"EVIDENCE_REVIEW","role":"OFFICER","sla_days":5},{"step":"CALCULATION","role":"SYSTEM","sla_days":1},{"step":"DECISION","role":"SUPERVISOR","sla_days":2},{"step":"PAYMENT","role":"FINANCE","sla_days":3}]'::jsonb, '{"total_sla_days":16}'::jsonb, 'SKN', 'SYSTEM'),
  ('e4d00001-4444-4000-d000-000000000002', 'WF-LTB', 'Long-Term Benefit Workflow', '[{"step":"INTAKE","role":"CLERK","sla_days":2},{"step":"ELIGIBILITY","role":"OFFICER","sla_days":5},{"step":"EVIDENCE_REVIEW","role":"OFFICER","sla_days":10},{"step":"MEDICAL_REVIEW","role":"MEDICAL_BOARD","sla_days":15},{"step":"CALCULATION","role":"SYSTEM","sla_days":1},{"step":"DECISION","role":"MANAGER","sla_days":5},{"step":"AWARD_SETUP","role":"FINANCE","sla_days":5}]'::jsonb, '{"total_sla_days":43}'::jsonb, 'SKN', 'SYSTEM'),
  ('e4d00001-4444-4000-d000-000000000003', 'WF-EI', 'Employment Injury Workflow', '[{"step":"INTAKE","role":"CLERK","sla_days":1},{"step":"EMPLOYER_VERIFY","role":"INSPECTOR","sla_days":5},{"step":"EVIDENCE_REVIEW","role":"OFFICER","sla_days":5},{"step":"MEDICAL_REVIEW","role":"MEDICAL_BOARD","sla_days":10},{"step":"CALCULATION","role":"SYSTEM","sla_days":1},{"step":"DECISION","role":"SUPERVISOR","sla_days":3}]'::jsonb, '{"total_sla_days":25}'::jsonb, 'SKN', 'SYSTEM'),
  ('e4d00001-4444-4000-d000-000000000004', 'WF-GRANT', 'Grant Workflow', '[{"step":"INTAKE","role":"CLERK","sla_days":1},{"step":"ELIGIBILITY","role":"OFFICER","sla_days":2},{"step":"EVIDENCE_REVIEW","role":"OFFICER","sla_days":3},{"step":"DECISION","role":"SUPERVISOR","sla_days":2},{"step":"PAYMENT","role":"FINANCE","sla_days":3}]'::jsonb, '{"total_sla_days":11}'::jsonb, 'SKN', 'SYSTEM'),
  ('e4d00001-4444-4000-d000-000000000005', 'WF-NCP', 'NCP Workflow', '[{"step":"INTAKE","role":"CLERK","sla_days":2},{"step":"MEANS_TEST","role":"INSPECTOR","sla_days":10},{"step":"EVIDENCE_REVIEW","role":"OFFICER","sla_days":5},{"step":"DECISION","role":"MANAGER","sla_days":5},{"step":"AWARD_SETUP","role":"FINANCE","sla_days":5}]'::jsonb, '{"total_sla_days":27}'::jsonb, 'SKN', 'SYSTEM'),
  ('e4d00001-4444-4000-d000-000000000006', 'WF-SVC-CERT', 'Service Certificate Workflow', '[{"step":"INTAKE","role":"CLERK","sla_days":1},{"step":"VERIFY","role":"OFFICER","sla_days":2},{"step":"COMPLETE","role":"CLERK","sla_days":1}]'::jsonb, '{"total_sla_days":4}'::jsonb, 'SKN', 'SYSTEM'),
  ('e4d00001-4444-4000-d000-000000000007', 'WF-SVC-EFT', 'EFT/Bank Update Workflow', '[{"step":"INTAKE","role":"CLERK","sla_days":1},{"step":"VERIFY","role":"OFFICER","sla_days":2},{"step":"FINANCE_CONFIRM","role":"FINANCE","sla_days":2},{"step":"COMPLETE","role":"CLERK","sla_days":1}]'::jsonb, '{"total_sla_days":6}'::jsonb, 'SKN', 'SYSTEM'),
  ('e4d00001-4444-4000-d000-000000000008', 'WF-SVC-INFO', 'Info Request Workflow', '[{"step":"INTAKE","role":"CLERK","sla_days":1},{"step":"PROCESS","role":"OFFICER","sla_days":5},{"step":"COMPLETE","role":"CLERK","sla_days":1}]'::jsonb, '{"total_sla_days":7}'::jsonb, 'SKN', 'SYSTEM')
ON CONFLICT (template_code) DO NOTHING;

INSERT INTO public.bn_product (id, scheme_id, branch_id, benefit_code, benefit_name, description, category, branch, payment_type, country_code, status, sort_order, entered_by) VALUES
  ('f5e00001-5555-4000-e000-000000000001', 'a1b2c3d4-e5f6-4a7b-8c9d-0e1f2a3b4c5d', 'b1a00001-1111-4000-a000-000000000001', 'SKN-SICK', 'Sickness Benefit', 'Weekly benefit for illness', 'SHORT_TERM', 'STB', 'PERIODIC', 'SKN', 'ACTIVE', 10, 'SYSTEM'),
  ('f5e00001-5555-4000-e000-000000000002', 'a1b2c3d4-e5f6-4a7b-8c9d-0e1f2a3b4c5d', 'b1a00001-1111-4000-a000-000000000002', 'SKN-EI-INJ', 'Employment Injury Benefit', 'Weekly benefit for work injury', 'INJURY', 'EIB', 'PERIODIC', 'SKN', 'ACTIVE', 20, 'SYSTEM'),
  ('f5e00001-5555-4000-e000-000000000003', 'a1b2c3d4-e5f6-4a7b-8c9d-0e1f2a3b4c5d', 'b1a00001-1111-4000-a000-000000000002', 'SKN-EI-DIS', 'Disablement Benefit', 'Pension/lump sum for permanent disablement', 'INJURY', 'EIB', 'BOTH', 'SKN', 'ACTIVE', 21, 'SYSTEM'),
  ('f5e00001-5555-4000-e000-000000000004', 'a1b2c3d4-e5f6-4a7b-8c9d-0e1f2a3b4c5d', 'b1a00001-1111-4000-a000-000000000002', 'SKN-EI-MED', 'Medical Expenses (EI)', 'Reimbursement of EI medical costs', 'INJURY', 'EIB', 'LUMP_SUM', 'SKN', 'ACTIVE', 22, 'SYSTEM'),
  ('f5e00001-5555-4000-e000-000000000005', 'a1b2c3d4-e5f6-4a7b-8c9d-0e1f2a3b4c5d', 'b1a00001-1111-4000-a000-000000000002', 'SKN-EI-DTH', 'Death Benefit (EI)', 'Pension to dependants from work death', 'INJURY', 'EIB', 'PERIODIC', 'SKN', 'ACTIVE', 23, 'SYSTEM'),
  ('f5e00001-5555-4000-e000-000000000006', 'a1b2c3d4-e5f6-4a7b-8c9d-0e1f2a3b4c5d', 'b1a00001-1111-4000-a000-000000000001', 'SKN-MAT', 'Maternity Benefit', 'Weekly maternity benefit', 'SHORT_TERM', 'STB', 'PERIODIC', 'SKN', 'ACTIVE', 30, 'SYSTEM'),
  ('f5e00001-5555-4000-e000-000000000007', 'a1b2c3d4-e5f6-4a7b-8c9d-0e1f2a3b4c5d', 'b1a00001-1111-4000-a000-000000000001', 'SKN-FUN', 'Funeral Grant', 'One-off funeral grant', 'GRANT', 'STB', 'LUMP_SUM', 'SKN', 'ACTIVE', 40, 'SYSTEM'),
  ('f5e00001-5555-4000-e000-000000000008', 'a1b2c3d4-e5f6-4a7b-8c9d-0e1f2a3b4c5d', 'b1a00001-1111-4000-a000-000000000003', 'SKN-INV', 'Invalidity Benefit', 'Pension for permanent incapacity', 'LONG_TERM', 'LTB', 'PERIODIC', 'SKN', 'ACTIVE', 50, 'SYSTEM'),
  ('f5e00001-5555-4000-e000-000000000009', 'a1b2c3d4-e5f6-4a7b-8c9d-0e1f2a3b4c5d', 'b1a00001-1111-4000-a000-000000000003', 'SKN-AGE', 'Age Benefit', 'Retirement pension', 'PENSION', 'LTB', 'PERIODIC', 'SKN', 'ACTIVE', 60, 'SYSTEM'),
  ('f5e00001-5555-4000-e000-000000000010', 'a1b2c3d4-e5f6-4a7b-8c9d-0e1f2a3b4c5d', 'b1a00001-1111-4000-a000-000000000003', 'SKN-SUR', 'Survivors Benefit', 'Pension to survivors', 'SURVIVOR', 'LTB', 'PERIODIC', 'SKN', 'ACTIVE', 70, 'SYSTEM'),
  ('f5e00001-5555-4000-e000-000000000011', 'a1b2c3d4-e5f6-4a7b-8c9d-0e1f2a3b4c5d', 'b1a00001-1111-4000-a000-000000000004', 'SKN-NCP', 'Non-Contributory Pension', 'Assistance pension 62+', 'NON_CONTRIBUTORY', 'NCP', 'PERIODIC', 'SKN', 'ACTIVE', 80, 'SYSTEM'),
  ('f5e00001-5555-4000-e000-000000000012', 'a1b2c3d4-e5f6-4a7b-8c9d-0e1f2a3b4c5d', 'b1a00001-1111-4000-a000-000000000005', 'SKN-SVC-LIFE', 'Life Certificate', 'Annual life cert', 'ASSISTANCE', 'SVC', 'LUMP_SUM', 'SKN', 'ACTIVE', 90, 'SYSTEM'),
  ('f5e00001-5555-4000-e000-000000000013', 'a1b2c3d4-e5f6-4a7b-8c9d-0e1f2a3b4c5d', 'b1a00001-1111-4000-a000-000000000005', 'SKN-SVC-SCH', 'School/College Certificate', 'Annual school cert for survivor children', 'ASSISTANCE', 'SVC', 'LUMP_SUM', 'SKN', 'ACTIVE', 91, 'SYSTEM'),
  ('f5e00001-5555-4000-e000-000000000014', 'a1b2c3d4-e5f6-4a7b-8c9d-0e1f2a3b4c5d', 'b1a00001-1111-4000-a000-000000000005', 'SKN-SVC-EFT', 'EFT / Bank Update', 'Bank detail changes', 'ASSISTANCE', 'SVC', 'LUMP_SUM', 'SKN', 'ACTIVE', 92, 'SYSTEM'),
  ('f5e00001-5555-4000-e000-000000000015', 'a1b2c3d4-e5f6-4a7b-8c9d-0e1f2a3b4c5d', 'b1a00001-1111-4000-a000-000000000005', 'SKN-SVC-EIR', 'Employer Information Request', 'Employer confirmation request', 'ASSISTANCE', 'SVC', 'LUMP_SUM', 'SKN', 'ACTIVE', 93, 'SYSTEM')
ON CONFLICT (country_code, benefit_code) DO NOTHING;

INSERT INTO public.bn_product_version (id, product_id, version_number, effective_from, description, eligibility_config, calculation_config, timeline_config, workflow_template_id, status, requires_employer_verification, requires_medical_board_review, requires_means_test, max_concurrent_claims, entered_by) VALUES
  ('aa100001-6666-4000-a000-000000000001', 'f5e00001-5555-4000-e000-000000000001', 1, '2024-01-01', 'Sickness v1', '{"min_contributions_weeks":26,"contributions_period_weeks":39,"recent_contributions_weeks":8,"recent_period_weeks":13,"requires_medical_cert":true}'::jsonb, '{"rate_pct":65,"basis":"avg_weekly_insurable_earnings","min_weekly":50,"max_weekly":1500}'::jsonb, '{"waiting_period_days":3,"max_duration_weeks":26,"filing_deadline_days":30,"review_interval_weeks":4}'::jsonb, 'e4d00001-4444-4000-d000-000000000001', 'ACTIVE', true, false, false, 1, 'SYSTEM'),
  ('aa100001-6666-4000-a000-000000000002', 'f5e00001-5555-4000-e000-000000000002', 1, '2024-01-01', 'EI Injury v1', '{"requires_employment_at_injury":true,"requires_employer_report":true,"no_contribution_requirement":true}'::jsonb, '{"rate_pct":75,"basis":"avg_weekly_insurable_earnings","min_weekly":50,"max_weekly":1730}'::jsonb, '{"waiting_period_days":0,"max_duration_weeks":52,"filing_deadline_days":14}'::jsonb, 'e4d00001-4444-4000-d000-000000000003', 'ACTIVE', true, true, false, 1, 'SYSTEM'),
  ('aa100001-6666-4000-a000-000000000003', 'f5e00001-5555-4000-e000-000000000003', 1, '2024-01-01', 'Disablement v1', '{"requires_prior_ei_claim":true,"requires_medical_board":true,"min_disablement_pct":1}'::jsonb, '{"rate_pct":75,"disablement_pct_applied":true,"lump_sum_threshold_pct":20}'::jsonb, '{"review_interval_months":12}'::jsonb, 'e4d00001-4444-4000-d000-000000000003', 'ACTIVE', false, true, false, 1, 'SYSTEM'),
  ('aa100001-6666-4000-a000-000000000004', 'f5e00001-5555-4000-e000-000000000004', 1, '2024-01-01', 'EI Medical v1', '{"requires_employment_at_injury":true,"requires_medical_receipts":true}'::jsonb, '{"basis":"actual_cost","max_total":50000}'::jsonb, '{"filing_deadline_days":90}'::jsonb, 'e4d00001-4444-4000-d000-000000000003', 'ACTIVE', true, false, false, 3, 'SYSTEM'),
  ('aa100001-6666-4000-a000-000000000005', 'f5e00001-5555-4000-e000-000000000005', 1, '2024-01-01', 'EI Death v1', '{"requires_death_cert":true,"requires_proof_relationship":true,"requires_cause_work_related":true}'::jsonb, '{"basis":"deceased_avg_weekly_wage","widow_pct":50,"child_pct":16.67,"orphan_pct":33.33,"max_family_pct":100}'::jsonb, '{"filing_deadline_days":180}'::jsonb, 'e4d00001-4444-4000-d000-000000000003', 'ACTIVE', false, false, false, 1, 'SYSTEM'),
  ('aa100001-6666-4000-a000-000000000006', 'f5e00001-5555-4000-e000-000000000006', 1, '2024-01-01', 'Maternity v1', '{"min_contributions_weeks":26,"contributions_period_weeks":39,"recent_contributions_weeks":8,"recent_period_weeks":13,"claimant_must_be_female":true}'::jsonb, '{"rate_pct":65,"basis":"avg_weekly_insurable_earnings","min_weekly":50,"max_weekly":1500}'::jsonb, '{"max_duration_weeks":13,"filing_deadline_days":30}'::jsonb, 'e4d00001-4444-4000-d000-000000000001', 'ACTIVE', true, false, false, 1, 'SYSTEM'),
  ('aa100001-6666-4000-a000-000000000007', 'f5e00001-5555-4000-e000-000000000007', 1, '2024-01-01', 'Funeral Grant v1', '{"min_contributions_weeks":26,"requires_death_cert":true,"claimant":"person_responsible_for_funeral"}'::jsonb, '{"basis":"flat_amount","grant_amount":7500}'::jsonb, '{"filing_deadline_days":180}'::jsonb, 'e4d00001-4444-4000-d000-000000000004', 'ACTIVE', false, false, false, 1, 'SYSTEM'),
  ('aa100001-6666-4000-a000-000000000008', 'f5e00001-5555-4000-e000-000000000008', 1, '2024-01-01', 'Invalidity v1', '{"min_contributions_weeks":150,"contributions_period_weeks":750,"recent_contributions_weeks":26,"recent_period_weeks":39,"requires_medical_board":true,"max_age":62}'::jsonb, '{"base_rate_pct":30,"increment_per_50_weeks_pct":1,"basis":"avg_best_5_years_weekly","min_weekly":50}'::jsonb, '{"review_interval_months":24}'::jsonb, 'e4d00001-4444-4000-d000-000000000002', 'ACTIVE', false, true, false, 1, 'SYSTEM'),
  ('aa100001-6666-4000-a000-000000000009', 'f5e00001-5555-4000-e000-000000000009', 1, '2024-01-01', 'Age Benefit v1', '{"min_contributions_weeks":500,"min_age":62,"max_age_deferred":67}'::jsonb, '{"base_rate_pct":30,"increment_per_50_weeks_pct":1,"max_rate_pct":60,"basis":"avg_best_5_years_weekly","min_weekly":50,"grant_if_under_500_weeks":true}'::jsonb, '{"filing_deadline_days":365}'::jsonb, 'e4d00001-4444-4000-d000-000000000002', 'ACTIVE', false, false, false, 1, 'SYSTEM'),
  ('aa100001-6666-4000-a000-000000000010', 'f5e00001-5555-4000-e000-000000000010', 1, '2024-01-01', 'Survivors v1', '{"deceased_min_contributions_weeks":150,"requires_death_cert":true,"requires_proof_relationship":true,"eligible_survivors":["spouse","child_under_16","child_student_under_25","dependent_parent"]}'::jsonb, '{"basis":"deceased_pension_or_computed","widow_pct":50,"child_pct":16.67,"orphan_pct":33.33,"max_family_pct":100}'::jsonb, '{"filing_deadline_days":365,"child_review_age":16,"student_review_age":25}'::jsonb, 'e4d00001-4444-4000-d000-000000000002', 'ACTIVE', false, false, false, 1, 'SYSTEM'),
  ('aa100001-6666-4000-a000-000000000011', 'f5e00001-5555-4000-e000-000000000011', 1, '2024-01-01', 'NCP v1', '{"min_age":62,"residency_years":10,"requires_means_test":true,"income_threshold_monthly":1500,"not_receiving_other_pension":true}'::jsonb, '{"basis":"flat_rate","flat_weekly_rate":150}'::jsonb, '{"review_interval_months":12}'::jsonb, 'e4d00001-4444-4000-d000-000000000005', 'ACTIVE', false, false, true, 1, 'SYSTEM'),
  ('aa100001-6666-4000-a000-000000000012', 'f5e00001-5555-4000-e000-000000000012', 1, '2024-01-01', 'Life Certificate v1', '{"is_service_case":true,"requires_active_pension":true}'::jsonb, '{}'::jsonb, '{"due_interval_months":12}'::jsonb, 'e4d00001-4444-4000-d000-000000000006', 'ACTIVE', false, false, false, 99, 'SYSTEM'),
  ('aa100001-6666-4000-a000-000000000013', 'f5e00001-5555-4000-e000-000000000013', 1, '2024-01-01', 'School Cert v1', '{"is_service_case":true,"requires_active_survivor_pension":true,"child_age_range":[16,25]}'::jsonb, '{}'::jsonb, '{"due_interval_months":12}'::jsonb, 'e4d00001-4444-4000-d000-000000000006', 'ACTIVE', false, false, false, 99, 'SYSTEM'),
  ('aa100001-6666-4000-a000-000000000014', 'f5e00001-5555-4000-e000-000000000014', 1, '2024-01-01', 'EFT Update v1', '{"is_service_case":true,"requires_active_payment":true}'::jsonb, '{}'::jsonb, '{}'::jsonb, 'e4d00001-4444-4000-d000-000000000007', 'ACTIVE', false, false, false, 99, 'SYSTEM'),
  ('aa100001-6666-4000-a000-000000000015', 'f5e00001-5555-4000-e000-000000000015', 1, '2024-01-01', 'Employer Info v1', '{"is_service_case":true}'::jsonb, '{}'::jsonb, '{"sla_response_days":14}'::jsonb, 'e4d00001-4444-4000-d000-000000000008', 'ACTIVE', false, false, false, 99, 'SYSTEM')
ON CONFLICT (product_id, version_number) DO NOTHING;

-- Eligibility rules
INSERT INTO public.bn_eligibility_rule (product_version_id, rule_group_id, rule_code, rule_name, rule_type, rule_group, rule_definition, data_source, fail_message, fail_action, sort_order, entered_by) VALUES
  ('aa100001-6666-4000-a000-000000000001', 'c2b00001-2222-4000-b000-000000000001', 'SICK-CONT-26', 'Min 26 in 39 weeks', 'CONTRIBUTION', 'CONTRIBUTION', '{"min_weeks":26,"in_period_weeks":39}'::jsonb, 'bn_get_contribution_summary', 'Min 26 contributions in 39 weeks required', 'REJECT', 1, 'SYSTEM'),
  ('aa100001-6666-4000-a000-000000000001', 'c2b00001-2222-4000-b000-000000000001', 'SICK-CONT-8', 'Recent 8 in 13', 'CONTRIBUTION', 'CONTRIBUTION', '{"min_weeks":8,"in_period_weeks":13}'::jsonb, 'bn_get_contribution_summary', '8 in last 13 weeks required', 'REJECT', 2, 'SYSTEM'),
  ('aa100001-6666-4000-a000-000000000001', 'c2b00001-2222-4000-b000-000000000005', 'SICK-MED', 'Medical Cert', 'MEDICAL', 'MEDICAL', '{"requires_document":"MEDICAL_CERT"}'::jsonb, 'bn_claim_evidence', 'Medical certificate required', 'REFER', 3, 'SYSTEM'),
  ('aa100001-6666-4000-a000-000000000006', 'c2b00001-2222-4000-b000-000000000001', 'MAT-CONT-26', 'Min 26 in 39 weeks', 'CONTRIBUTION', 'CONTRIBUTION', '{"min_weeks":26,"in_period_weeks":39}'::jsonb, 'bn_get_contribution_summary', 'Insufficient contributions', 'REJECT', 1, 'SYSTEM'),
  ('aa100001-6666-4000-a000-000000000006', 'c2b00001-2222-4000-b000-000000000001', 'MAT-CONT-8', 'Recent 8 in 13', 'CONTRIBUTION', 'CONTRIBUTION', '{"min_weeks":8,"in_period_weeks":13}'::jsonb, 'bn_get_contribution_summary', 'Insufficient recent contributions', 'REJECT', 2, 'SYSTEM'),
  ('aa100001-6666-4000-a000-000000000009', 'c2b00001-2222-4000-b000-000000000002', 'AGE-CONT-500', 'Min 500 contributions', 'CONTRIBUTION', 'CONTRIBUTION', '{"min_weeks":500}'::jsonb, 'bn_get_contribution_summary', 'Min 500 weeks for pension', 'WARN', 1, 'SYSTEM'),
  ('aa100001-6666-4000-a000-000000000009', 'c2b00001-2222-4000-b000-000000000004', 'AGE-MIN-62', 'Age 62+', 'AGE', 'AGE', '{"min_age":62}'::jsonb, 'ip_master', 'Must be 62+', 'REJECT', 2, 'SYSTEM'),
  ('aa100001-6666-4000-a000-000000000008', 'c2b00001-2222-4000-b000-000000000002', 'INV-CONT-150', 'Min 150 in 750 weeks', 'CONTRIBUTION', 'CONTRIBUTION', '{"min_weeks":150,"in_period_weeks":750}'::jsonb, 'bn_get_contribution_summary', 'Min 150 in 750 weeks', 'REJECT', 1, 'SYSTEM'),
  ('aa100001-6666-4000-a000-000000000008', 'c2b00001-2222-4000-b000-000000000005', 'INV-MED-BOARD', 'Medical Board', 'MEDICAL', 'MEDICAL', '{"requires_medical_board":true}'::jsonb, 'bn_claim_evidence', 'Medical Board must certify', 'REJECT', 2, 'SYSTEM'),
  ('aa100001-6666-4000-a000-000000000008', 'c2b00001-2222-4000-b000-000000000004', 'INV-AGE-MAX', 'Below 62', 'AGE', 'AGE', '{"max_age":62}'::jsonb, 'ip_master', 'Must be below 62', 'REJECT', 3, 'SYSTEM'),
  ('aa100001-6666-4000-a000-000000000010', 'c2b00001-2222-4000-b000-000000000002', 'SUR-CONT-150', 'Deceased 150+ weeks', 'CONTRIBUTION', 'CONTRIBUTION', '{"min_weeks":150,"subject":"deceased"}'::jsonb, 'bn_get_contribution_summary', 'Deceased needs 150+ weeks', 'REJECT', 1, 'SYSTEM'),
  ('aa100001-6666-4000-a000-000000000007', 'c2b00001-2222-4000-b000-000000000001', 'FUN-CONT-26', 'Deceased 26+ weeks', 'CONTRIBUTION', 'CONTRIBUTION', '{"min_weeks":26,"subject":"deceased"}'::jsonb, 'bn_get_contribution_summary', 'Deceased needs 26+ weeks', 'REJECT', 1, 'SYSTEM'),
  ('aa100001-6666-4000-a000-000000000002', 'c2b00001-2222-4000-b000-000000000003', 'EI-EMP', 'Employed at injury', 'EMPLOYMENT', 'EMPLOYMENT', '{"requires_active_employment":true}'::jsonb, 'ip_master', 'Must be employed', 'REJECT', 1, 'SYSTEM'),
  ('aa100001-6666-4000-a000-000000000011', 'c2b00001-2222-4000-b000-000000000004', 'NCP-AGE', 'Age 62+', 'AGE', 'AGE', '{"min_age":62}'::jsonb, 'ip_master', 'Must be 62+', 'REJECT', 1, 'SYSTEM'),
  ('aa100001-6666-4000-a000-000000000011', 'c2b00001-2222-4000-b000-000000000006', 'NCP-MEANS', 'Means test', 'INCOME', 'MEANS_TEST', '{"max_monthly_income":1500}'::jsonb, 'bn_claim_detail', 'Income exceeds threshold', 'REJECT', 2, 'SYSTEM'),
  ('aa100001-6666-4000-a000-000000000011', NULL, 'NCP-RES', 'Residency 10yr', 'RESIDENCY', 'RESIDENCY', '{"min_residency_years":10}'::jsonb, 'bn_claim_detail', '10+ years residency required', 'REJECT', 3, 'SYSTEM');

-- Calculation rules
INSERT INTO public.bn_calculation_rule (product_version_id, formula_template_id, rule_code, rule_name, calc_type, formula_definition, variables, limits, sort_order, entered_by) VALUES
  ('aa100001-6666-4000-a000-000000000001', 'd3c00001-3333-4000-c000-000000000001', 'SICK-CALC', 'Sickness Rate', 'PERCENTAGE', '{"rate":65}'::jsonb, '["avg_weekly_wage"]'::jsonb, '{"min_weekly":50,"max_weekly":1500}'::jsonb, 1, 'SYSTEM'),
  ('aa100001-6666-4000-a000-000000000002', 'd3c00001-3333-4000-c000-000000000001', 'EI-INJ-CALC', 'EI Injury Rate', 'PERCENTAGE', '{"rate":75}'::jsonb, '["avg_weekly_wage"]'::jsonb, '{"min_weekly":50,"max_weekly":1730}'::jsonb, 1, 'SYSTEM'),
  ('aa100001-6666-4000-a000-000000000003', 'd3c00001-3333-4000-c000-000000000006', 'EI-DIS-CALC', 'Disablement Rate', 'FORMULA', '{"rate":75,"apply_disablement_pct":true}'::jsonb, '["avg_weekly_wage","disablement_pct"]'::jsonb, '{}'::jsonb, 1, 'SYSTEM'),
  ('aa100001-6666-4000-a000-000000000005', 'd3c00001-3333-4000-c000-000000000004', 'EI-DTH-CALC', 'EI Death Split', 'FORMULA', '{"widow_pct":50,"child_pct":16.67,"orphan_pct":33.33}'::jsonb, '["deceased_avg_weekly_wage"]'::jsonb, '{}'::jsonb, 1, 'SYSTEM'),
  ('aa100001-6666-4000-a000-000000000006', 'd3c00001-3333-4000-c000-000000000007', 'MAT-CALC', 'Maternity Rate', 'PERCENTAGE', '{"rate":65}'::jsonb, '["avg_weekly_wage"]'::jsonb, '{"min_weekly":50,"max_weekly":1500}'::jsonb, 1, 'SYSTEM'),
  ('aa100001-6666-4000-a000-000000000007', 'd3c00001-3333-4000-c000-000000000008', 'FUN-CALC', 'Funeral Grant', 'FLAT_RATE', '{"flat_amount":7500}'::jsonb, '[]'::jsonb, '{}'::jsonb, 1, 'SYSTEM'),
  ('aa100001-6666-4000-a000-000000000008', 'd3c00001-3333-4000-c000-000000000002', 'INV-CALC', 'Invalidity Pension', 'FORMULA', '{"base_rate":30,"increment_rate":1,"increment_per_weeks":50}'::jsonb, '["avg_weekly_wage","total_contribution_weeks"]'::jsonb, '{"min_weekly":50}'::jsonb, 1, 'SYSTEM'),
  ('aa100001-6666-4000-a000-000000000009', 'd3c00001-3333-4000-c000-000000000002', 'AGE-CALC', 'Age Pension', 'FORMULA', '{"base_rate":30,"increment_rate":1,"increment_per_weeks":50,"max_rate":60}'::jsonb, '["avg_weekly_wage","total_contribution_weeks"]'::jsonb, '{"min_weekly":50}'::jsonb, 1, 'SYSTEM'),
  ('aa100001-6666-4000-a000-000000000010', 'd3c00001-3333-4000-c000-000000000004', 'SUR-CALC', 'Survivors Split', 'FORMULA', '{"widow_pct":50,"child_pct":16.67,"orphan_pct":33.33,"dependent_parent_pct":33.33}'::jsonb, '["deceased_pension_rate"]'::jsonb, '{}'::jsonb, 1, 'SYSTEM'),
  ('aa100001-6666-4000-a000-000000000011', 'd3c00001-3333-4000-c000-000000000005', 'NCP-CALC', 'NCP Rate', 'FLAT_RATE', '{"flat_weekly_rate":150}'::jsonb, '[]'::jsonb, '{}'::jsonb, 1, 'SYSTEM');

-- Timeline rules
INSERT INTO public.bn_timeline_rule (product_version_id, rule_code, rule_name, timeline_type, days_value, weeks_value, months_value, description, sort_order, entered_by) VALUES
  ('aa100001-6666-4000-a000-000000000001', 'SICK-WAIT', 'Waiting Period', 'WAITING_PERIOD', 3, NULL, NULL, '3 days', 1, 'SYSTEM'),
  ('aa100001-6666-4000-a000-000000000001', 'SICK-MAX', 'Max Duration', 'MAX_DURATION', NULL, 26, NULL, '26 weeks', 2, 'SYSTEM'),
  ('aa100001-6666-4000-a000-000000000001', 'SICK-FILE', 'Filing Deadline', 'FILING_DEADLINE', 30, NULL, NULL, '30 days', 3, 'SYSTEM'),
  ('aa100001-6666-4000-a000-000000000002', 'EI-MAX', 'EI Max Duration', 'MAX_DURATION', NULL, 52, NULL, '52 weeks', 1, 'SYSTEM'),
  ('aa100001-6666-4000-a000-000000000002', 'EI-FILE', 'EI Filing Deadline', 'FILING_DEADLINE', 14, NULL, NULL, '14 days', 2, 'SYSTEM'),
  ('aa100001-6666-4000-a000-000000000006', 'MAT-MAX', 'Maternity Max', 'MAX_DURATION', NULL, 13, NULL, '13 weeks', 1, 'SYSTEM'),
  ('aa100001-6666-4000-a000-000000000007', 'FUN-FILE', 'Funeral Deadline', 'FILING_DEADLINE', 180, NULL, NULL, '180 days', 1, 'SYSTEM'),
  ('aa100001-6666-4000-a000-000000000008', 'INV-REVIEW', 'Invalidity Review', 'REVIEW_INTERVAL', NULL, NULL, 24, '24 months', 1, 'SYSTEM'),
  ('aa100001-6666-4000-a000-000000000010', 'SUR-FILE', 'Survivors Deadline', 'FILING_DEADLINE', 365, NULL, NULL, '1 year', 1, 'SYSTEM'),
  ('aa100001-6666-4000-a000-000000000011', 'NCP-REVIEW', 'NCP Annual Review', 'REVIEW_INTERVAL', NULL, NULL, 12, '12 months', 1, 'SYSTEM'),
  ('aa100001-6666-4000-a000-000000000003', 'DIS-REVIEW', 'Disablement Review', 'REVIEW_INTERVAL', NULL, NULL, 12, '12 months', 1, 'SYSTEM');

-- Document requirements (key ones)
INSERT INTO public.bn_doc_requirement (product_version_id, product_id, document_type_code, stage, requirement_level, allowed_extensions, max_file_size_mb, description, sort_order, entered_by) VALUES
  ('aa100001-6666-4000-a000-000000000001', 'f5e00001-5555-4000-e000-000000000001', 'MEDICAL_CERT', 'INTAKE', 'MANDATORY', '{pdf,jpg,png}', 10, 'Medical certificate', 1, 'SYSTEM'),
  ('aa100001-6666-4000-a000-000000000001', 'f5e00001-5555-4000-e000-000000000001', 'EMPLOYER_CONF', 'INTAKE', 'MANDATORY', '{pdf,jpg,png}', 10, 'Employer confirmation', 2, 'SYSTEM'),
  ('aa100001-6666-4000-a000-000000000001', 'f5e00001-5555-4000-e000-000000000001', 'ID_CARD', 'INTAKE', 'MANDATORY', '{pdf,jpg,png}', 5, 'Photo ID', 3, 'SYSTEM'),
  ('aa100001-6666-4000-a000-000000000001', 'f5e00001-5555-4000-e000-000000000001', 'BANK_EFT', 'DECISION', 'MANDATORY', '{pdf,jpg,png}', 5, 'Bank details', 4, 'SYSTEM'),
  ('aa100001-6666-4000-a000-000000000006', 'f5e00001-5555-4000-e000-000000000006', 'MEDICAL_CERT', 'INTAKE', 'MANDATORY', '{pdf,jpg,png}', 10, 'Maternity medical cert', 1, 'SYSTEM'),
  ('aa100001-6666-4000-a000-000000000006', 'f5e00001-5555-4000-e000-000000000006', 'EMPLOYER_CONF', 'INTAKE', 'MANDATORY', '{pdf,jpg,png}', 10, 'Employer maternity confirmation', 2, 'SYSTEM'),
  ('aa100001-6666-4000-a000-000000000006', 'f5e00001-5555-4000-e000-000000000006', 'BIRTH_CERT', 'POST_AWARD', 'MANDATORY', '{pdf,jpg,png}', 10, 'Birth cert after delivery', 3, 'SYSTEM'),
  ('aa100001-6666-4000-a000-000000000009', 'f5e00001-5555-4000-e000-000000000009', 'BIRTH_CERT', 'INTAKE', 'MANDATORY', '{pdf,jpg,png}', 10, 'Birth cert for age verification', 1, 'SYSTEM'),
  ('aa100001-6666-4000-a000-000000000009', 'f5e00001-5555-4000-e000-000000000009', 'ID_CARD', 'INTAKE', 'MANDATORY', '{pdf,jpg,png}', 5, 'Photo ID', 2, 'SYSTEM'),
  ('aa100001-6666-4000-a000-000000000009', 'f5e00001-5555-4000-e000-000000000009', 'BANK_EFT', 'DECISION', 'MANDATORY', '{pdf,jpg,png}', 5, 'Bank details', 3, 'SYSTEM'),
  ('aa100001-6666-4000-a000-000000000010', 'f5e00001-5555-4000-e000-000000000010', 'DEATH_CERT', 'INTAKE', 'MANDATORY', '{pdf,jpg,png}', 10, 'Death certificate', 1, 'SYSTEM'),
  ('aa100001-6666-4000-a000-000000000010', 'f5e00001-5555-4000-e000-000000000010', 'PROOF_RELATION', 'INTAKE', 'MANDATORY', '{pdf,jpg,png}', 10, 'Proof of relationship', 2, 'SYSTEM'),
  ('aa100001-6666-4000-a000-000000000010', 'f5e00001-5555-4000-e000-000000000010', 'MARRIAGE_CERT', 'INTAKE', 'WAIVABLE', '{pdf,jpg,png}', 10, 'Marriage cert (spouse)', 3, 'SYSTEM'),
  ('aa100001-6666-4000-a000-000000000010', 'f5e00001-5555-4000-e000-000000000010', 'SCHOOL_CERT', 'PERIODIC_REVIEW', 'MANDATORY', '{pdf,jpg,png}', 10, 'School cert for child 16-25', 4, 'SYSTEM'),
  ('aa100001-6666-4000-a000-000000000007', 'f5e00001-5555-4000-e000-000000000007', 'DEATH_CERT', 'INTAKE', 'MANDATORY', '{pdf,jpg,png}', 10, 'Death certificate', 1, 'SYSTEM'),
  ('aa100001-6666-4000-a000-000000000002', 'f5e00001-5555-4000-e000-000000000002', 'INJURY_REPORT', 'INTAKE', 'MANDATORY', '{pdf,jpg,png}', 10, 'Employer injury report', 1, 'SYSTEM'),
  ('aa100001-6666-4000-a000-000000000002', 'f5e00001-5555-4000-e000-000000000002', 'MEDICAL_CERT', 'INTAKE', 'MANDATORY', '{pdf,jpg,png}', 10, 'Medical certificate', 2, 'SYSTEM'),
  ('aa100001-6666-4000-a000-000000000002', 'f5e00001-5555-4000-e000-000000000002', 'EMPLOYER_CONF', 'INTAKE', 'MANDATORY', '{pdf,jpg,png}', 10, 'Employer confirmation', 3, 'SYSTEM'),
  ('aa100001-6666-4000-a000-000000000012', 'f5e00001-5555-4000-e000-000000000012', 'LIFE_CERT', 'INTAKE', 'MANDATORY', '{pdf,jpg,png}', 5, 'Life certificate', 1, 'SYSTEM'),
  ('aa100001-6666-4000-a000-000000000013', 'f5e00001-5555-4000-e000-000000000013', 'SCHOOL_CERT', 'INTAKE', 'MANDATORY', '{pdf,jpg,png}', 10, 'School/college cert', 1, 'SYSTEM'),
  ('aa100001-6666-4000-a000-000000000014', 'f5e00001-5555-4000-e000-000000000014', 'BANK_EFT', 'INTAKE', 'MANDATORY', '{pdf,jpg,png}', 5, 'New bank details', 1, 'SYSTEM');

-- Interaction rules
INSERT INTO public.bn_interaction_rule (primary_product_id, related_product_id, interaction_type, rule_definition, description, entered_by) VALUES
  ('f5e00001-5555-4000-e000-000000000008', 'f5e00001-5555-4000-e000-000000000009', 'REPLACES', '{"trigger":"claimant_reaches_age_62"}'::jsonb, 'Invalidity converts to Age at 62', 'SYSTEM'),
  ('f5e00001-5555-4000-e000-000000000009', 'f5e00001-5555-4000-e000-000000000011', 'BLOCKS', '{"condition":"receiving_age_pension"}'::jsonb, 'Age pension blocks NCP', 'SYSTEM'),
  ('f5e00001-5555-4000-e000-000000000002', 'f5e00001-5555-4000-e000-000000000001', 'SUSPENDS', '{"during_ei_benefit":true}'::jsonb, 'EI suspends Sickness', 'SYSTEM'),
  ('f5e00001-5555-4000-e000-000000000009', 'f5e00001-5555-4000-e000-000000000007', 'SUPPLEMENTS', '{"on_death":true}'::jsonb, 'Age pensioner death entitles funeral grant', 'SYSTEM');

-- Override policies
INSERT INTO public.bn_override_policy (override_target, field_path, allowed_role, requires_justification, requires_maker_checker, max_override_amount, entered_by) VALUES
  ('ELIGIBILITY', 'contribution_weeks', 'BN_MANAGER', true, true, NULL, 'SYSTEM'),
  ('CALCULATION', 'weekly_rate', 'BN_MANAGER', true, true, 500.00, 'SYSTEM'),
  ('TIMELINE', 'max_duration_weeks', 'BN_DIRECTOR', true, true, NULL, 'SYSTEM'),
  ('PAYMENT', 'payment_amount', 'BN_DIRECTOR', true, true, 10000.00, 'SYSTEM');
